Jozef Bozko,+421 55 602 3129,,internet,kredit,-99.9,
Adam Rovny,+421 55 602 2025,hlas,,pausal,-49,
Peter Cibula,0915 941 230,hlas,internet,pausal,65,
Ladislav Mrkvicka,0918 022 555,hlas,internet,pausal,-20.3,
Samuel Lancos,+421 55 602 6626,hlas,internet,pausal,14,
Agata Obla,0900 654 310,hlas,internet, kredit,10.89,
Jozef Peter,0945 456 203,,internet, pausal,-10,
Gabriel Cukrovany,+421 55 602 1727,hlas,internet,kredit,9.8,
Anna Kerekanicova,0912 963 003,hlas,internet,pausal,-0.15,
Gabriela Mudra,0989 022 403,hlas,,pausal,-96.9,
Iveta Laskava,+421 55 602 7828,hlas,internet,kredit,5,
Samuel Zeleny,0945 308 357,hlas,internet,kredit,37.5,
Rastislav Tomovcik,0908 789 772,hlas,,pausal,-28,