administrativa, vytlacenie dokumentacie k planovanemu auditu,2023-10-24, dolezite,
reklamacia, opotrebovane gulove capy - EC: AA255AA,2023-10-23, dolezite,
administrativa, planovanie zahranicnej sluzobnej cesty - vyriesit ubytovanie,2023-10-21, ,
reklamacia, podhustene predne pneumatiky - EC: AA795AA,2023-10-30, dolezite,
reklamacia, poskodeny prevodovy mechanizmus - EC: AA629AA,2023-10-27, ,
administrativa, vykonanie revizie kladkoveho systemu,2023-10-28, ,
administrativa, zabezpecit vyberove konanie pre poziciu: Automechanik ,2023-10-26, dolezite,