administrativa, celofiremna porada - nutny zber podpisov,2023-10-21, ,
reklamacia, chybne nastavenie svetlometu - EC: AA100AA,2023-10-25, dolezite,
administrativa, supis majetku spolocnosti FIKTIV s.r.o,2023-10-24, ,
reklamacia, prehrievanie loziska - EC: AA101AA,2023-10-29, dolezite,
administrativa, zaslanie potvrdeni o navsteve lekara,2023-10-23, ,
reklamacia, zla geometria prednej napravy - EC: AA102AA,2023-10-28, dolezite,
administrativa, volba riadenia spolocnosti FIKTIV s.r.o,2023-10-25, ,
reklamacia, stazene otacanie volantom na mieste - EC: AA103AA,2023-10-20, dolezite,
administrativa, supis majetku v hale,2023-10-21, ,
administrativa, celofiremna kontrola z ministerstva - cistenie priestorov,2023-10-29, dolezite,
reklamacia, nefunkcny posilovac riadenia - EC: AA104AA,2023-10-30, ,
reklamacia, vola riadenia - EC: AA110AA,2023-10-22, ,
administrativa, vyplnenie a odovzdanie dovolenkovych listkov,2023-10-28, dolezite,
reklamacia, nerovnomerny tlak v pneumatikach - EC: AA115AA,2023-10-27, dolezite,
administrativa, supis majetku v kancelarskych priestoroch,2023-10-27, ,
reklamacia, opotrebovane brzdove oblozenie - EC: AA198AA,2023-10-24, dolezite,
reklamacia, odtrhnutie brzdoveho lanka - EC: AA980AB,2023-10-23, dolezite,
administrativa, vyjadrenie na ucasti - firemny vecierok spolocnosti FIKTIV s.r.o,2023-10-22, ,
administrativa, zaslat obratom datum autidu v spolocnosti FIKTIV s.r.o,2023-10-26, dolezite,
reklamacia, kontrolka so symbolom vykricnika na pristrojovom panely - EC: AA205AA,2023-10-26, dolezite,
administrativa, planovanie tuzemskej sluzobnej cesty - zaslanie priblizneho datumu,2023-10-21, ,
reklamacia, porucha smerovych svetiel - EC: AA715AA,2023-10-26, dolezite,
reklamacia, prepinac svetiel - EC: AA620AA,2023-10-27, ,
administrativa, supis tovarov potrebnych pre chod spolocnosti,2023-10-22, ,
administrativa, supis kancelarskych potrieb,2023-10-26, dolezite,
reklamacia, nefunkcny bezpecnostny pas (navijak) - EC: AA320AA,2023-10-29, dolezite,
administrativa, zber podpisov - aktualizacia internych pravidiel,2023-10-30, ,
reklamacia, poskodene tlmice vyfuku - EC: AA145AA,2023-10-29, dolezite,
administrativa, celozavodna odstavka - potvrdenie o porozumeni,2023-10-27, ,
reklamacia, prasknute celne sklo - EC: AA551AA,2023-10-24, ,